"ID","consumer","trait_name","B0start","T0","Tm","B0","AIC","BIC","habitat","location","stage"
3,"pocillopora damicornis","gross photosynthesis rate","0.165609554804034",-22.734607110801,36.9972425659413,0.000480121466946653,"-1.63789305566856","-0.427552683692376","marine","hawaii, usa","coral"
4,"pocillopora damicornis","gross photosynthesis rate","0.0046588586857715",12.6319641079207,35.4631106486848,0.00152093549429603,"-14.8435202909066","-15.0598796946853","marine","enewetak atoll, marshall islands","coral"
6,"pocillopora damicornis","respiration rate","0.0129479928805534",11.4064896167452,37.0557864859573,0.000257861285745596,"-24.2233326072973","-23.9055664405779","marine","enewetak atoll, marshall islands","coral"
10,"gossypium barbadense","net photosynthesis rate","0.241100036474783",4.8659697720096,42.6901890228261,0.0180117323051846,"67.4376147288671","69.0291958200606","terrestrial","arizona, usa","leaf"
11,"zostera marina","net photosynthesis rate","-0.000399911963848892",-8.70311070560896,33.6095649939373,0.000374481703258964,"-7.46400309217967","-7.14623692546032","marine","great harbor, woods hole, massachusetts, usa","leaf"
12,"zostera marina","respiration rate","-3.23674759355071e-05",6.22060938898592,32.2352295189214,0.000179759136694721,"-22.4491113708449","-22.1313452041256","marine","great harbor, woods hole, massachusetts, usa","leaf"
16,"calopogonium mucunoides","respiration rate","0.00495991609783555",-14.1867195007778,99.344003986091,0.00158199698448538,"45.5648349984409","46.7751753704171","terrestrial","queensland, australia","youngest fully expanded leaf"
17,"collema tenax","net photosynthesis rate","0.00116745719812556",-44.2977309431898,41.7742197876839,0.000723947416294935,"11.6256715571736","11.4093121533949","terrestrial","moab, utah, usa",NA
33,"cladophora glomerata","net photosynthesis rate","0.000913742073504027",-8.47417759519849,21.2641416679367,0.000183284694712477,"-22.0486753750114","-24.5034979305318","freshwater","lake huron, harbor beach, michigan, usa","algal inocula"
34,"cladophora glomerata","respiration rate","-0.000210343767673563",-13.9833988842127,31.2299666612584,5.19203389636011e-05,"-25.5253660390519","-25.2075998723326","freshwater","lake huron, harbor beach, michigan, usa","algal inocula"
43,"cladophora glomerata","respiration rate","-0.000120797031285735",-7.3008443821922,31.312133765543,0.000100944403336856,"-22.1268756527635","-21.8091094860441","freshwater","lake huron, harbor beach, michigan, usa","algal inocula"
47,"cladophora glomerata","gross photosynthesis rate","-0.000290902728167993",36.8600329821926,29.6608907235507,-0.000277844948803924,"-17.6637222854172","-17.880081689196","freshwater","lake huron, harbor beach, michigan, usa","algal inocula"
48,"cladophora glomerata","net photosynthesis rate","-0.000112556474929101",24.2989206764213,25.0000000106694,-0.000223832578269542,"-18.0007068665078","-19.5629552167714","freshwater","lake huron, harbor beach, michigan, usa","algal inocula"
87,"populus tremuloides","net photosynthesis rate","-0.046373931159148",5.16508942597369,28.170438431469,0.012322929856277,"18.6534380580507","17.0911897077871","terrestrial","northen minnesota, usa",NA
90,"larix laricina","net photosynthesis rate","0.0076947027843974",-25.5165386603474,33.4887217668296,0.00140214741515437,"17.9145785814651","16.3523302312015","terrestrial","northen minnesota, usa",NA
91,"larix laricina","net photosynthesis rate","0.0122805965280946",-22.4054396985886,33.2634029684312,0.00204221928880733,"22.6697971928678","21.1075488426042","terrestrial","northen minnesota, usa",NA
93,"pinus banksiana","net photosynthesis rate","0.0143732605999589",-4.93542589274761,33.2098421012758,0.00254573635147157,"13.4937108616689","11.9314625114053","terrestrial","northen minnesota, usa",NA
94,"picea mariana","net photosynthesis rate","0.0061485132791441",-16.6247289796779,32.1117277752996,0.00148009579827775,"7.81740261853322","6.25515426826962","terrestrial","northen minnesota, usa",NA
95,"picea mariana","net photosynthesis rate","0.0159182898911407",-9.85597091689264,30.7569812737992,0.00278472536131781,"19.7482997907042","18.1860514404406","terrestrial","northen minnesota, usa",NA
97,"populus tremuloides","net photosynthesis rate","-1.11472807075765",3.71661514159752,28.4858488948983,0.254292246268519,"48.7169267847203","47.1546784344567","terrestrial","northen minnesota, usa",NA
101,"larix laricina","net photosynthesis rate","0.450919499235385",-71.0913846094415,36.4197389439953,0.0105475326019586,"39.5306607234217","37.9684123731581","terrestrial","northen minnesota, usa",NA
103,"pinus banksiana","net photosynthesis rate","0.108558720688261",-44.2045385059466,35.7695917293611,0.0133065856380391,"42.9510868169672","41.3888384667036","terrestrial","northen minnesota, usa",NA
105,"picea mariana","net photosynthesis rate","0.400766777363018",-11.2641595122654,30.737738257739,0.0393812429945759,"42.4219824425201","40.8597340922565","terrestrial","northen minnesota, usa",NA
107,"glycine max","gross photosynthesis rate","0.0770181240994609",6.63195567418626,44.0657597194005,0.0278149834421174,"130.146856259259","133.924612175924","terrestrial","des moines, ia., usa","terminal leaflet of second trifoliate leaf (22 days after planting)"
108,"quercus canariensis","respiration rate","-0.0012422972398745",2.45816061192462,31.4911142149577,0.000778115647892671,"8.18098745700411","7.34802533391633","terrestrial","ain drahem, northern tunisia","mature current year leaves"
109,"quercus canariensis","net photosynthesis rate","-0.0157651214419437",-32.3470744047944,33.5698025364445,0.00393588123605623,"18.287846250559","17.4548841274712","terrestrial","ain drahem, northern tunisia","mature current year leaves"
114,"sphagnum warnstorfii","net photosynthesis rate","-0.00512884570089832",-53.7328217135429,31.7669983991509,0.000674374345549192,"5.38258428170466","5.16622487792592","terrestrial","philip smith mountains, alaska","upper shoot"
120,"nicotiana tabacum","net photosynthesis rate","-0.0202996717706738",-14.3049929869629,43.3519271236123,0.00332038712089788,"15.0649279715096","13.502679621246","terrestrial","beijing, china","Youngest fully expanded leaf"
122,"nicotiana tabacum","net photosynthesis rate","-0.0197444424783824",-31.6349084274958,43.4573989510076,0.00233356561518121,"9.38816400838433","7.82591565812073","terrestrial","beijing, china","Youngest fully expanded leaf"
123,"nicotiana tabacum","net photosynthesis rate","-0.021258334893356",-32.802914490819,43.5414476926047,0.0024419172829903,"3.17504317423471","1.61279482397111","terrestrial","beijing, china","Youngest fully expanded leaf"
126,"nicotiana tabacum","net photosynthesis rate","0.0109858255618044",11.8138527128113,51.7813237230326,0.00364920825943559,"7.78037376083032","6.21812541056673","terrestrial","beijing, china","Youngest fully expanded leaf"
128,"nicotiana tabacum","net photosynthesis rate","-0.0218786222994996",-68.9102616052262,43.3923726890374,0.00143111428796423,"-3.1448550503565","-4.7071034006201","terrestrial","beijing, china","Youngest fully expanded leaf"
129,"nicotiana tabacum","net photosynthesis rate","-0.0195227976364764",-43.8207287238314,43.4117628695769,0.00194632259458425,"12.7779058244139","11.2156574741503","terrestrial","beijing, china","Youngest fully expanded leaf"
132,"pinus sylvestris","net photosynthesis rate","-0.00747590850799037",-0.0714788439602475,18.532280903491,0.0080177006690513,"14.229172871098","12.6669245208344","terrestrial","finland","seedlings"
133,"pinus sylvestris","net photosynthesis rate","-0.0062531999499785",3.35343564243863,19.0952858638962,0.0228746443124719,"14.0020397851146","12.439791434851","terrestrial","finland","seedlings"
137,"picea abies","net photosynthesis rate","-0.00063735368823535",3.38977731198995,18.8049638028036,0.004602237981641,"-4.41779801991642","-5.98004637018002","terrestrial","finland","seedlings"
138,"gossypium hirsutum","net photosynthesis rate","0.0281378015680594",1.91718767065692,46.4069309112908,0.008458376002824,"6.50515944575599","6.28880004197725","terrestrial","stanford, california, usa","leaf"
139,"geraea canescens","net photosynthesis rate","0.0271283945281982",-20.3564096279351,42.2170350780454,0.00982881849312192,"42.6969432676399","43.0147094343592","terrestrial","death valley, california, usa",NA
140,"geraea canescens","net photosynthesis rate","0.011557079533967",-54.8804128856387,50.5745181878373,0.00503297532523677,"57.6015495743869","58.811889946363","terrestrial","death valley, california, usa",NA
141,"flaveria bidentis","net photosynthesis rate","0.0237415212251384",0.863667456624099,45.417792918033,0.0128692941267594,"41.1620776807419","41.4798438474612","terrestrial","winnipeg, canada","leaf"
143,"porphyra perforata","net photosynthesis rate","-0.00437895268544137",-21.3731932279351,32.8825118361862,0.0012629033285635,"19.6564390784265","19.9742052451458","marine","pacific grove, california, usa","blade discs"
144,"Koliella antarctica","gross photosynthesis rate","0.00854026094596404",-31.9310280304647,36.3714833534561,0.0209893521206456,"56.3612077596742","56.1448483558955","marine","Terra Nova Bay, Ross Sea, Antarctica",NA
147,"Chlorella saccharophila","respiration rate","3.38050283124475e-05",-24.657621538379,36.9068252015253,0.00539382028286867,"30.8570019667413","30.6406425629626","freshwater / terrestrial","Antelao glacier",NA
148,"Chlorella sorokiniana","gross photosynthesis rate","0.00625287293487774",0.637699566587709,41.6123810563823,0.0385043514578467,"44.4672557977248","44.7850219644441","freshwater / terrestrial","Culture collection of Algae and protozoa Cambridge University",NA
149,"Chlorella sorokiniana","respiration rate","0.00147426010962795",9.54102482815629,43.8298580153519,0.00178831909086053,"19.4908165826949","19.2744571789162","freshwater / terrestrial","Culture collection of Algae and protozoa Cambridge University",NA
150,"Agave deserti","respiration rate","0.00194293982239197",-15.2101315671356,77.9775507915751,0.000232495484619006,"3.90546006935941","6.16525749920556","terrestrial","Agave Hill, palm desert, california","root (2 years old)"
151,"Agave deserti","respiration rate","0.00228223210353162",-0.928887665603943,69.2588150284334,0.000357786819488801,"-0.44380275478882","-0.660162158567567","terrestrial","Agave Hill, palm desert, california","root (2 years old)"
152,"Agave deserti","respiration rate","0.0441303918680838",2.95535847678528,56.3982368923869,0.00210144603708106,"48.7708804725576","51.3271097910187","terrestrial","Agave Hill, palm desert, california","root (5 weeks old)"
153,"Agave deserti","respiration rate","5.68956436310692",2.24885440297405,55.751572037558,0.00202247363529965,"42.0695425515977","43.6611236427912","terrestrial","Agave Hill, palm desert, california","root (5 weeks old)"
154,"Agave deserti","respiration rate","0.00873408901733493",8.20630869846208,56.4486144595441,0.00257466383394612,"69.3794038404924","72.2116046449012","terrestrial","Agave Hill, palm desert, california","root (6 weeks old)"
156,"Agave deserti","respiration rate","0.0155784690897913",-0.396451803117365,55.6104507220764,0.00446762294592329,"111.864734602652","116.228904416085","terrestrial","Agave Hill, palm desert, california","root (1 week old)"
157,"Agave deserti","respiration rate","-0.0169701287888826",1.93634570578035,53.5040372642172,0.00515185901383659,"111.508404575372","115.872574388806","terrestrial","Agave Hill, palm desert, california","root (1 week old)"
196,"Eucalyptus pauciflora","respiration rate","0.000659851750793228",2.47067773498141,47.7539536496261,0.000236664771890978,"-10.7345357124343","-11.5674978355221","terrestrial","gudgenby valley, namadgi national park, southeast australia","leaf"
197,"Eucalyptus pauciflora","respiration rate","0.000373199232342633",-1.6223195324005,31.8672697728709,0.000335254575872471,"-16.8298436299343","-17.6628057530221","terrestrial","gudgenby valley, namadgi national park, southeast australia","leaf"
198,"Eucalyptus pauciflora","respiration rate","0.000456226615281819",-47.5896972099618,31.7268814641037,0.000112375873806829,"-11.1839459347261","-12.0169080578139","terrestrial","gudgenby valley, namadgi national park, southeast australia","leaf"
200,"Eucalyptus pauciflora","respiration rate","-0.000916878504352776",-24.9086987683488,29.2843871462261,0.000308731751267643,"-13.397010238711","-14.2299723617988","terrestrial","gudgenby valley, namadgi national park, southeast australia","leaf"
203,"Larrea divaricata","net photosynthesis rate","0.00192253617910813",-58.543554901691,45.2125520778155,0.000227982947015822,"-9.1875120964403","-10.7497604467039","terrestrial","death valley, california","1-2 years old"
205,"Larrea divaricata","net photosynthesis rate","-0.00114301058633356",-60.7309964547615,48.9402887749347,0.000202025214204801,"-3.31270160498696","-0.756472286525929","terrestrial","death valley, california","leaf"
206,"Larrea divaricata","net photosynthesis rate","-0.000627475909414841",-44.7215150433255,52.7133223675693,0.000183407321798119,"-19.6547600622882","-14.7792567628154","terrestrial","death valley, california","leaf"
210,"Chondrus crispus","net photosynthesis rate","-0.134692940566972",-25.5315353313101,30.6490686337026,0.0390517654017796,"57.1988184035673","56.3658562804795","marine","Jaffrey Point, New Hampshire","thallus disk"
212,"Chondrus crispus","respiration rate","-0.0187992122986428",-9.37023760133466,27.5867347874328,0.011782762850595,"41.485159281767","40.6521971586793","marine","Jaffrey Point, New Hampshire","thallus disk"
213,"Gigartina stellata","respiration rate","-0.00733195012514171",-13.6903037233366,28.165793043918,0.00495124634429922,"29.661233192131","28.8282710690433","marine","Jaffrey Point, New Hampshire","thallus disk"
219,"Hydrilla verticillata","net photosynthesis rate","-0.00123125643439233",6.68194499495388,31.2219503165902,0.000747940137583239,"3.82658018613999","2.26433183587639","freshwater","florida, usa","shoots"
220,"Egeria densa","respiration rate","-0.00105938157439142",8.08889899315008,30.9125660924934,0.00204977481541446,"0.797927871807476","-0.764320478456122","freshwater","florida, usa","shoots"
222,"Aloe arborescens","respiration rate","0.068851261841558",-6.36081815216013,74.5054489285584,0.00543060064728257,"51.073966221631","52.2843065936072","terrestrial","Melbourne, Fla","slices of 8 inch leaves"
223,"Caulerpa prolifera","respiration rate","0.000731401354124381",6.48109864119976,40.6781646869977,0.000437856774497151,"-12.6185270096659","-13.4514891327537","marine","Encanizada de la torre, spain","thallus"
224,"Caulerpa prolifera","respiration rate","0.00133506457898451",-0.0941121438939465,94.6605225866411,0.000216956472965532,"-3.2934097391788","-4.12637186226658","marine","Encanizada de la torre, spain","thallus"
227,"Caulerpa prolifera","net photosynthesis rate","-0.0102449694164695",9.91034167077488,27.1505807732255,0.00384164838057114,"-187.532674016365","-191.138224861692","marine","Encanizada de la torre, spain","thallus"
228,"Caulerpa prolifera","net photosynthesis rate","-0.00264470914531278",8.56232686223425,27.0597303142091,0.00810417925394988,"15.6633364770427","14.1010881267791","marine","Encanizada de la torre, spain","thallus"
229,"Helianthus annuus","respiration rate","0.0387887438836102",11.1837689456947,49.4630085101016,0.0491402523474074,"54.1780667670588","54.4958329337782","terrestrial","valenzano, southern italy",NA
236,"Laminaria saccharina","respiration rate","-0.00157401136959121",-22.1615099331031,27.2683084734193,0.000625374450737857,"2.48935133540401","1.65638921231623","marine","Long Cove Point, Chamberlain, Maine, USA","blade tissue disks"
237,"Triticum aestivum","respiration rate","0.00833122842769538",-20.8603540165912,45.6747661630265,0.000962056527755726,"160.446112744451","167.760678330408","terrestrial","Department of Theoretical Production Ecology, c/o Centre for Agrobiological Research (CABO), Wageningen, The Netherlands, ",NA
238,"Lolium perenne","respiration rate","1.12769435722366",-25.9845510590548,43.0409251133762,0.000596231450832474,"26.7454761923136","29.8358310812727","terrestrial","Department of Theoretical Production Ecology, c/o Centre for Agrobiological Research (CABO), Wageningen, The Netherlands, ",NA
239,"Zea mays","respiration rate","9.28539450537405e-06",6.33780402220264,41.7505798912537,0.00351945062025633,"91.2243974124145","97.4457896583722","terrestrial","Department of Theoretical Production Ecology, c/o Centre for Agrobiological Research (CABO), Wageningen, The Netherlands, ",NA
241,"Eremophila miniata","respiration rate","0.00103643238831719",11.625564187855,55.9104806927601,0.00302486258753881,"3.03721879152229","1.4749704412587","terrestrial","New Woolshed, Lakeside station, 1969","mature leaves"
244,"Arthrocnemum bidens","net photosynthesis rate","-0.102070843873965",-39.6223886461748,33.9197103205876,0.0190880917814429,"46.5307286318589","45.6977665087711","terrestrial","New Woolshed, Lakeside station, 1969","mature cladodes"
246,"Kochia planifolia","net photosynthesis rate","0.0548933655995023",-58.7951694173194,39.5704758549763,0.00933207942182056,"28.2418847978266","26.679636447563","terrestrial","New Woolshed, Lakeside station, 1969","mature leaves"
247,"Kochia planifolia","net photosynthesis rate","0.0418780639554998",-50.7933117707021,53.2235635062073,0.00696698354992132,"55.0232252837671","54.8068658799883","terrestrial","New Woolshed, Lakeside station, 1969","mature leaves"
249,"Acacia craspedocarpa","net photosynthesis rate","-0.0108057353955255",-62.2776661047429,52.6908828739868,0.00132304135079075,"31.696895134505","30.1346467842414","terrestrial","Lakeside Station, 1969","mature phyllodes"
254,"Pinus radiata","respiration rate","-0.0102499653825637",16.5571155197888,16.55735538859,-0.00152048986766209,"-26.9025984813263","-24.9629718821743","terrestrial","Lincoln, Christchurch, New Zealand","8 years old shoots"
259,"Eucheuma acanthocladum","net photosynthesis rate","-0.00093745135850315",-29.8728561712177,32.991161494912,0.000444274846074019,"24.0719670366469","24.3897332033663","marine","Anclote Key","frond section"
261,"Eucheuma isiforme","respiration rate","4.0084686584056e-06",15.7851402967256,36.7284850332237,0.00140665924055427,"12.3787950084168","12.6965611751362","marine","Molasses Key, florida","frond section"
262,"Eucheuma isiforme","respiration rate","0.00034118689372428",11.0369883993366,38.6245394111862,0.000430336619294699,"-5.1407627422438","-4.82299657552446","marine","Bahia Honda, florida","frond section"
263,"Eucheuma nudum","respiration rate","0.000847987736632106",14.3888645803842,39.1056997661736,0.00421993775919321,"20.493941984612","20.8117081513314","marine","Anclote Key","frond section"
264,"Eucheuma acanthocladum","respiration rate","0.000951634084344341",7.78835314589304,36.3419647180542,0.00120124304203515,"2.24268067500731","2.02632127122856","marine","Anclote Key","frond section"
265,"Eucheuma gelidium","respiration rate","0.000221778726603861",14.5836781949732,37.5737160289231,0.00108884944160183,"10.2170428718995","10.5348090386189","marine","Molasses Key, florida","frond section"
266,"Spinacia oleracea","net photosynthesis rate","8.56929918695293e-05",-25.7139619609719,41.9805677048276,0.0172061971168284,"56.0137800729825","55.1808179498948","terrestrial","Botanisches Institut, Universitat Dusseldorf, D-4000 Dusseldorf, Federal Republic of Germany","leaves, 4-6 week old plants"
267,"Spinacia oleracea","respiration rate","0.00747516670401896",-46.4019271508388,43.8301133620377,0.00374354502006228,"20.6531805437636","19.8202184206759","terrestrial","Botanisches Institut, Universitat Dusseldorf, D-4000 Dusseldorf, Federal Republic of Germany","leaves, 4-6 week old plants"
275,"Synechocystis sp. PCC 6803","net photosynthesis rate","0.224778812562566",6.83819752147589,54.7872423902204,0.0931696936286428,"42.50158897636","41.6686268532723","freshwater","Wilmington, DE, Usa","cyanobacterium"
276,"Synechocystis sp. PCC 6803","respiration rate","0.134054773920536",7.94081860551478,55.404642723768,0.0250393858585998,"36.2315870922029","34.6693387419393","freshwater","Wilmington, DE, Usa","cyanobacterium"
277,"Synechocystis sp. PCC 6803","respiration rate","0.0334404829838688",11.0448901892474,48.3091800171476,0.0319412613792412,"36.3953800499501","34.8331316996865","freshwater","Wilmington, DE, Usa","cyanobacterium"
281,"Asterionella formosa","net photosynthesis rate","0.241453977505629",-20.8186074268225,26.7210515753752,0.00655839265173591,"103.405597252971","107.388526347187","freshwater","Lake Windermere, Uk",NA
282,"Thalassiosira pseudonana","net photosynthesis rate","-0.000667453433627957",-7.57291596601629,31.2029050877641,0.00221401644819412,"33.9767368295206","36.2365342593668","marine","Algobank-Caen culture collection, University of Caen Basse-Normandie, France",NA
284,"Pseudo-nitzschia fraudulenta","net photosynthesis rate","-0.000672143940641985",-4.87648078428582,25.6604388607286,0.00215002059778888,"33.9161780016315","36.1759754314776","marine","Algobank-Caen culture collection, University of Caen Basse-Normandie, France",NA
285,"Emiliana huxleyi","net photosynthesis rate","0.00135465705671546",-22.6143319135859,31.1605109158501,0.000608985624347066,"30.8569427850343","33.4131721034953","marine","Algobank-Caen culture collection, University of Caen Basse-Normandie, France",NA
287,"Isochrysis aff. Galbana","net photosynthesis rate","0.000867243938708318",-51.4945037902186,34.8628383998111,0.000475549330654062,"28.6204914426099","31.4526922470188","marine","Algobank-Caen culture collection, University of Caen Basse-Normandie, France",NA
288,"Pavlova lutheri","net photosynthesis rate","1.62868145836491e-05",-15.2068299562228,30.8013867669173,0.000898748517541098,"33.3809340676696","35.3205606668216","marine","Algobank-Caen culture collection, University of Caen Basse-Normandie, France",NA
289,"Lepidodinium chlorophorum","net photosynthesis rate","0.00112657718421377",5.35638870971112,30.0518381209676,0.00272500136386756,"17.1401123893936","19.6963417078546","marine","Algobank-Caen culture collection, University of Caen Basse-Normandie, France",NA
290,"Elodea canadensis","net photosynthesis rate","0.056416033510812",-13.2222573723785,37.2098522353852,0.0104404862073766,"26.0211988486163","25.1882367255285","freshwater","Leeds and Liverpool canal, Merseyside, UK",NA
291,"Cladophora glomerata","net photosynthesis rate","-0.0499280815853582",-2.3934247380844,28.7885417473572,0.0176691669048508,"26.1610326267392","24.5987842764756","freshwater","Leeds and Liverpool canal, Merseyside, UK",NA
292,"Spirogyra sp","net photosynthesis rate","-0.0716006326634507",-3.21333650859187,28.8668462113058,0.0359665096930781,"35.7092481877133","34.1469998374497","freshwater","Leeds and Liverpool canal, Merseyside, UK",NA
293,"Elodea canadensis","respiration rate","-0.00107942655944705",6.11685005105455,33.3664329488856,0.00442292138120961,"17.434972665667","16.6020105425793","freshwater","Leeds and Liverpool canal, Merseyside, UK",NA
294,"Cladophora glomerata","respiration rate","0.00308016969725224",-10.3379208989232,33.5095480574721,0.00154371349402653,"7.11813632436188","5.55588797409829","freshwater","Leeds and Liverpool canal, Merseyside, UK",NA
295,"Spirogyra sp","respiration rate","0.0100120642393869",3.6725903971155,30.6215464370589,0.00448393067757743,"10.1721794534006","8.60993110313697","freshwater","Leeds and Liverpool canal, Merseyside, UK",NA
296,"Chlorella vulgaris","net photosynthesis rate","0.100663628278023",36.2326246513928,44.6983640020957,-0.0403526957481527,"72.962931013591","73.7518293229358","freshwater","Texas University",NA
302,"Aldrovanda vesiculosa","net photosynthesis rate","-0.119605373369664",-29.1297129905083,41.8485914281928,0.0109903288029513,"149.10061057416","153.083539668376","freshwater","Lake Dlugie, E Poland","apical shoot segments"
305,"Posidonia oceanica","gross photosynthesis rate","0.00973580299645976",-2.1656918012143,54.0784741412787,0.00496253913036813,"17.553060674347","16.7200985512592","marine","Malta","leaf section"
310,"Ipomoea batatas","net photosynthesis rate","0.05471435400816",-45.2795312002395,42.1968834667754,0.0020068271981629,"86.7095974685788","91.7419836206647","terrestrial","Department of Botany, university of Toronto, Toronto, Ontario, Canada","most recent fully expanded leaf"
311,"Ipomoea batatas","net photosynthesis rate","0.0271987245764543",-3.54839873356112,42.0931097527257,0.00730153419217203,"91.9070450071127","96.9394311591986","terrestrial","Department of Botany, university of Toronto, Toronto, Ontario, Canada","most recent fully expanded leaf"
314,"Zea mays","net photosynthesis rate","0.0246850294813935",-21.4235799712669,42.9547162076648,0.00733780973000649,"16.8153191345036","15.25307078424","terrestrial","Beltsville Agricultural Center, Beltsville, MD, USA","fully expanded young leaves (leaf 5-14)"
315,"Zea mays","net photosynthesis rate","0.0696306710463875",-38.7984448279478,44.1852068722952,0.0051303115726409,"24.8728727972474","23.3106244469838","terrestrial","Beltsville Agricultural Center, Beltsville, MD, USA","fully expanded young leaves (leaf 5-14)"
316,"Zea mays","respiration rate","0.00673202643490147",8.53915888890701,48.0908347491986,0.00141304675885565,"5.82557898501791","4.26333063475432","terrestrial","Beltsville Agricultural Center, Beltsville, MD, USA","fully expanded young leaves (leaf 5-14)"
317,"Zea mays","respiration rate","0.00102017175183483",10.7802458043607,44.9650352767298,0.00179553769883827,"8.84754445687078","7.28529610660718","terrestrial","Beltsville Agricultural Center, Beltsville, MD, USA","fully expanded young leaves (leaf 5-14)"
319,"Dactylis glomerata","net photosynthesis rate","-0.765219356234359",-8.42808130071285,30.9826671541349,0.116281450749239,"47.2240574931088","45.6618091428452","terrestrial","Sintra-Portugal, Aberystwyth-Wales, Hattfjelldal-Norway)","fully expanded leaves of seedlings"
323,"Quercus myrsinaefolia","gross photosynthesis rate","0.0197373869198155",-22.6137203979931,39.0288674783712,0.00132417626477226,"129.584535310208","135.570565556074","terrestrial","Biological Institute, Graduate School of Science, Tohoku University, Aoba, Sensai, Japan","leaf"
324,"Tidestromia oblongifolia","net photosynthesis rate","0.00145600649440455",5.76258892683738,56.5399057450649,0.000598617157239891,"-28.8301795072687","-26.8905529081167","terrestrial","Department of Biological Sciences, Stanford University, Stanford, California",NA
328,"Capalcum annuum","net photosynthesis rate","0.0480677022027319",-49.8144851617925,54.3845016598654,0.0036182740227491,"34.0776028165035","34.3953689832229","terrestrial","Outdoor garden, Biological Sciences Department of Biology, University of Nevada, Reno, Nevada, USA",NA
330,"Lycopersicon esculentum","net photosynthesis rate","0.0113422201949634",-5.36081655672398,38.8398894824145,0.0184898790430105,"38.8789929819925","38.6626335782137","terrestrial","Outdoor garden, Biological Sciences Department of Biology, University of Nevada, Reno, Nevada, USA",NA
331,"Lycopersicon esculentum","net photosynthesis rate","0.0911232060500439",-65.9362138000475,38.0955075468056,0.00481023084832183,"26.8719552082192","26.6555958044404","terrestrial","Outdoor garden, Biological Sciences Department of Biology, University of Nevada, Reno, Nevada, USA",NA
336,"Populus Fremontii","net photosynthesis rate","0.0596735129947491",-31.2638380433325,41.4568839298523,0.0101176347683932,"47.6972507735126","48.015016940232","terrestrial","Desert Research Institute, Biological Sciences Department of Biology, University of Nevada, Reno, Nevada, USA",NA
340,"Myriophyllum spicatum","net photosynthesis rate","0.182244311064327",-16.8749988104146,45.3380286424792,0.000166117931896408,"-18.9531679203633","-17.3615868291698","freshwater","Lake Wingra, Madison, Wisconsin, USA","tips"
341,"Vallisneria americana","net photosynthesis rate","0.00110539565092084",7.46799030673835,40.6402514945721,0.000398799240629262,"-34.1328095558066","-30.3550536391408","freshwater","University Bay, Madison, Wisconsin, USA","shoots"
342,"Myriophyllum salsugineum","net photosynthesis rate","0.0715812199530332",-30.2154229202744,61.7618853437283,0.0119917959327885,"71.9107722149498","72.6996705242947","freshwater","Lake Wendouree, Ballarat, Victoria, then planted in Griffeth, New South Wales","shoots"
344,"Myriophyllum salsugineum","gross photosynthesis rate","-0.262873036274099",-1.93840787373298,32.941641033237,0.0744570830965208,"82.306300840879","83.0951991502239","freshwater","Lake Wendouree, Ballarat, Victoria, then planted in Griffeth, New South Wales","shoots"
345,"Zostera muelleri","net photosynthesis rate","-0.0401110256061964",-5.49971086222652,26.7404709511776,0.029571557826753,"12.9020169686703","10.4471944131499","marine","Swan Bay, Port Phillip Bay, Victoria","5 to 10  leaf blades"
346,"Zostera muelleri","respiration rate","-0.00414053086801095",7.21831827310177,33.3074573158707,0.0184760620513537,"32.6830818972709","31.1208335470073","marine","Swan Bay, Port Phillip Bay, Victoria","5 to 10  leaf blades"
348,"Chromatium sp","net photosynthesis rate","5.69178994086136e-05",-47.3704859223033,49.8489036782479,0.00827034488972713,"59.1827887464639","58.9664293426851","freshwater","Yumoto hot sulfur spring",NA
349,"Chlorobium sp.","net photosynthesis rate","4.92055734400282e-05",-68.2232929550328,49.7716948988979,0.00616494691189107,"54.7593394867158","53.926377363628","freshwater","Yumoto hot sulfur spring",NA
350,"Chromatium sp","net photosynthesis rate","0.00763627541101252",12.6238193242127,59.6143660149374,0.0210859767272111,"41.5484859444089","40.7155238213212","freshwater","Botanical Institute, Faculty of Science, Tokyo Kyoiku University, Otsuka",NA
351,"Artemisia tridentata","net photosynthesis rate","0.00127293328552933",-15.0154412471129,34.727048109299,0.00241429948316453,"7.80927583077391","6.24702748051031","terrestrial","Los Angeles, California, USA","shoots"
352,"Artemisia tridentata","net photosynthesis rate","-0.0163860404331434",-33.8287986864762,28.3745854972563,0.00243061535865119,"11.4047025330921","9.84245418282851","terrestrial","Los Angeles, California, USA","shoots"
356,"Haplopappus apargioides","net photosynthesis rate","-0.0056084211751902",-28.6252537080291,28.4265263788976,0.00131365310946524,"-4.92609591435771","-6.48834426462131","terrestrial","Los Angeles, California, USA","shoots"
359,"Artemisia arbuscula","net photosynthesis rate","-0.0133172554311704",-40.756902905663,28.2385897180791,0.00180722722748863,"12.6868886630567","11.1246403127931","terrestrial","Los Angeles, California, USA","shoots"
361,"Encelia virginensis","net photosynthesis rate","0.0392289252673486",-21.7840653742621,34.212409034333,0.00598157600302677,"7.6970635978123","6.1348152475487","terrestrial","Los Angeles, California, USA","shoots"
363,"Cylindrotheca closterium","net photosynthesis rate","-0.0793302542807091",-16.6192297174235,40.0026704439445,0.229288268820514,"113.984441217775","114.302207384495","marine","Ems-Dollard Estuary, The Netherlands",NA
367,"Mastocarpus papillatus","net photosynthesis rate","5.81274247257084e-06",7.1108708323237,36.0460342628416,0.000479307285772345,"-1.47702026488913","-3.03926861515273","marine","Agassiz Beach at Hopkins Marine Station (HMS), Pacific Grove, California, USA","thallus"
368,"Mastocarpus papillatus","net photosynthesis rate","0.00112722704462393",-56.7850569278889,37.4523327566603,7.35507757099691e-05,"-9.71660212862072","-11.2788504788843","marine","Agassiz Beach at Hopkins Marine Station (HMS), Pacific Grove, California, USA","thallus"
369,"Mastocarpus papillatus","net photosynthesis rate","-0.000400710857632409",-37.2746708706233,33.4160956441119,4.63714741593466e-05,"-20.9366750910709","-22.4989234413345","marine","Agassiz Beach at Hopkins Marine Station (HMS), Pacific Grove, California, USA","thallus"
370,"Mastocarpus papillatus","respiration rate","0.000103431741349581",10.5952223460775,49.5804854657124,0.000120916936918264,"-7.05043974782088","-8.61268809808448","marine","Agassiz Beach at Hopkins Marine Station (HMS), Pacific Grove, California, USA","thallus"
371,"Mastocarpus papillatus","respiration rate","0.000105099540727256",11.6047847420157,40.2428990582267,0.000190476290038102,"-15.679347512245","-17.2415958625086","marine","Agassiz Beach at Hopkins Marine Station (HMS), Pacific Grove, California, USA","thallus"
372,"Mastocarpus papillatus","respiration rate","0.000222672112084924",7.45335770293277,88.492648698436,3.83407381572509e-05,"-20.3212945001249","-21.8835428503885","marine","Agassiz Beach at Hopkins Marine Station (HMS), Pacific Grove, California, USA","thallus"
373,"Cyanidium caldarium","net photosynthesis rate","-0.00333806906472173",1.4439587042082,60.5310689847066,0.00142464395493893,"40.1193544624585","40.4371206291778","freshwater","Cyanidium Creek, Yellowstone Park, Wyoming, USA",NA
379,"Leptosarca simplex","net photosynthesis rate","0.0319022798464686",-10.7634076368519,21.2496359777198,0.0262467700707336,"27.4750797788107","25.0202572232903","marine","Signy Island station of the British Antarctic Survey, South Orkney Islands","discs"
380,"Leptosarca simplex","respiration rate","0.00714630450878491",-0.0677691514405716,32.5493924418558,0.00268270273438635,"5.17738296555307","4.34442084246529","marine","Signy Island station of the British Antarctic Survey, South Orkney Islands","discs"
382,"Phyllogigas grandifolius","respiration rate","-0.000562022938529746",6.50343421169088,26.3049826195538,0.0102556493732476,"30.7364789773424","29.9035168542546","marine","Signy Island station of the British Antarctic Survey, South Orkney Islands","discs"
383,"Ascoseira mirabilis","net photosynthesis rate","-0.0420975486138308",11.7770071408374,14.7476635723874,-0.144986705086545,"22.760911553575","19.1553607082474","marine","Signy Island station of the British Antarctic Survey, South Orkney Islands","discs"
385,"Potamogeton pectinatus","gross photosynthesis rate","-0.0585333889252737",-54.8301623461525,37.4019948274341,0.0165300683089029,"52.2572832077311","51.4243210846434","freshwater","Lake Ijsselmeer, Lemmer, The Netherlands",NA
387,"Potamogeton pectinatus","respiration rate","0.0591894863098414",-13.1791516551422,47.6204166483545,0.0121508016390455,"39.3353539564189","38.5023918333311","freshwater","Lake Ijsselmeer, Lemmer, The Netherlands",NA
390,"Potamogeton pectinatus","respiration rate","0.0101637069790485",-19.0995869699276,68.9555290194565,0.00381739294481003,"26.6664411996072","25.8334790765195","freshwater","Lake Ijsselmeer, Lemmer, The Netherlands",NA
393,"Potamogeton pectinatus","respiration rate","0.00851870260737591",-24.4556513859491,61.5967397091117,0.00368905866479775,"14.2393897167944","13.4064275937067","freshwater","Lake Ijsselmeer, Lemmer, The Netherlands",NA
394,"Potamogeton pectinatus","gross photosynthesis rate","-0.0595852914275157",-73.8662977075137,37.6839970984098,0.00599035402481118,"43.8036463618307","42.9706842387429","freshwater","Lake Ijsselmeer, Lemmer, The Netherlands",NA
396,"Potamogeton pectinatus","respiration rate","0.00609768043077815",-7.74109494164865,54.5390710064504,0.00435774492963163,"25.3564400825046","24.5234779594169","freshwater","Lake Ijsselmeer, Lemmer, The Netherlands",NA
397,"Potamogeton perfoliatus","gross photosynthesis rate","0.0318276625886166",-72.7516503095113,43.0919734467221,0.00886862047969172,"63.0114413223088","62.79508191853","freshwater","Lake Ijsselmeer, Lemmer, The Netherlands",NA
408,"Potamogeton perfoliatus","respiration rate","0.0108020591448511",-60.6270646723646,63.5687247704139,0.00225172481625965,"37.3984949627674","37.1821355589887","freshwater","Lake Ijsselmeer, Lemmer, The Netherlands",NA
414,"Callitriche obtusangula","respiration rate","0.0160809090193773",-17.3626856366765,43.5276418904735,0.0110326701182344,"38.4647260765956","37.6317639535078","freshwater","Breukelen, The Netherlands","Apical shoots"
417,"Callitriche obtusangula","respiration rate","0.0410835094441312",-13.9409862612355,44.1425027619387,0.0105550700345662,"25.2640409614611","24.4310788383733","freshwater","Breukelen, The Netherlands","Apical shoots"
420,"Callitriche obtusangula","respiration rate","0.0411396818905244",-19.8595694689962,44.830837617624,0.0083185452026768,"38.2899629423603","37.4570008192725","freshwater","Breukelen, The Netherlands","Apical shoots"
426,"Ulva lactuca","respiration rate","-0.000564275651482417",-4.84012259374265,44.4961982617494,0.000276003493447952,"1.4408665945286","3.3804931936806","marine","Whitstable, Kent, UK",NA
432,"Ulva lactuca","respiration rate","0.000344470522467109",-72.9801467972384,54.2974287297695,0.000106240981529179,"5.39354386484861","7.33317046400061","marine","Whitstable, Kent, UK",NA
436,"Enteromorpha intertinalis","respiration rate","0.000167359418230905",-16.3834258256102,39.6383124782128,0.000269753598951789,"-5.29738153123161","-4.08704115925543","marine","Whitstable, Kent, UK",NA
437,"Fucus ceranoides","respiration rate","9.75028169212199e-05",-10.8040331772913,40.5200083506288,0.000356373547474071,"-5.1351961928812","-3.92485582090501","marine","Whitstable, Kent, UK",NA
438,"Ulva lactuca","respiration rate","0.000205418369362781",-46.0652822269137,40.6486525536738,0.000212016364518746,"-10.3921341129701","-9.1817937409939","marine","Whitstable, Kent, UK",NA
439,"Chondrus crispus","respiration rate","1.03823221208449e-06",-13.6552515157295,38.9865019548335,0.000191540991447253,"-17.1810331487395","-15.9706927767633","marine","Whitstable, Kent, UK",NA
440,"Griffithsia flosculosa","respiration rate","-0.000255823571587845",-24.1682826634677,37.1708099255475,0.000239461610221607,"-13.3038089309646","-12.0934685589884","marine","Whitstable, Kent, UK",NA
441,"Phaeodactylum tricornutum",NA,"2.08061663774365e-05",-13.1720234593955,25.4984813159566,0.00110409148316268,"4.68043315899802","3.11818480873442","marine","Northeast Pacific Culture Collection (University of British Columbia, Vancouver, B.C.) no. 738 (isolated in West Dennis, MA, USA)",NA
443,"Acanthophora spicifera","net photosynthesis rate","-0.658605603326551",13.0352153455835,41.4225809969805,5.33736816925916,"98.5547184033695","97.7217562802818","marine","Mangrove community, Tampa Bay, Florida, Usa","branches"
444,"Gracilaria verrucosa","net photosynthesis rate","-5.56371573889157",2.05842963796134,41.8354605210987,2.15902029418686,"103.181379586147","102.348417463059","marine","Mangrove community, Tampa Bay, Florida, Usa","branches"
445,"Bostrychia binderi","net photosynthesis rate","3.14671734020741",16.7141082521396,41.9362804368727,2.05462713040541,"76.6977021613125","75.1354538110489","marine","Mangrove community, Tampa Bay, Florida, Usa","branches"
446,"Cladophora repens","net photosynthesis rate","-0.107599499206822",13.6233670301273,41.2554981747186,0.748715796364553,"85.9225146719031","85.0895525488153","marine","Mangrove community, Tampa Bay, Florida, Usa","branches"
448,"Gracilaria verrucosa","respiration rate","0.171148849237878",-48.8142408785199,43.81775421293,0.0417952637502122,"76.833453356228","76.0004912331402","marine","Mangrove community, Tampa Bay, Florida, Usa","branches"
450,"Cladophora repens","respiration rate","-0.209246769852064",-19.2714855990204,37.638963342028,0.0552566171785875,"72.3196605590135","71.4866984359257","marine","Mangrove community, Tampa Bay, Florida, Usa","branches"
451,"Catenella repens","net photosynthesis rate","-0.183312014616841",11.525337184611,41.7908604553842,1.01019051534354,"67.7674759896776","66.9345138665899","marine","Salt marsh, mouth of Weeki Wachee River, Florida, Usa","branches"
452,"Spyridia filamentosa","net photosynthesis rate","-2.08712825559395",14.5878481022997,33.8261045768039,1.34565815967916,"53.8605251816399","51.4057026261194","marine","Salt marsh, mouth of Weeki Wachee River, Florida, Usa","branches"
453,"Gracilaria verrucosa","net photosynthesis rate","1.41487714061625",11.4034016826046,37.2934310222986,0.900574053598739,"64.0399351548625","62.4776868045989","marine","Salt marsh, mouth of Weeki Wachee River, Florida, Usa","branches"
454,"Bostrychia binderi","net photosynthesis rate","0.358237671923721",13.769999938799,42.2803031031856,0.789816272946741,"80.4621166976098","79.629154574522","marine","Salt marsh, mouth of Weeki Wachee River, Florida, Usa","branches"
457,"Gracilaria verrucosa","respiration rate","0.422415361083855",-38.8893329083531,55.4776030346667,0.039298824299711,"77.4427661043246","76.6098039812369","marine","Salt marsh, mouth of Weeki Wachee River, Florida, Usa","branches"
459,"Chlorella vulgaris","net photosynthesis rate","-0.0347040431356421",2.14667008770338,24.5451518516148,0.0311247759659676,"33.6415588210055","32.8085966979178","freshwater","Hopkins Marine Station, Pacific Grove, Usa",NA
462,"Ferocactus acanthodes","respiration rate","-0.000837579920178093",14.5381176193379,58.3560730166269,0.00204780541187358,"34.6823050324799","36.6219316316319","terrestrial","University of California, Deep Canyon Desert, Research Center from 'Agave Hill' near Palm Desert,Calidornia, USA","root"
463,"Ferocactus acanthodes","respiration rate","0.00336338150184096",9.75231646576028,61.4947108792635,0.00160050252216783,"27.4084830666877","29.3481096658397","terrestrial","University of California, Deep Canyon Desert, Research Center from 'Agave Hill' near Palm Desert,Calidornia, USA","root"
464,"Ferocactus acanthodes","respiration rate","0.00263362083664249",-0.471232365497755,61.5381005490223,0.00208500426261346,"31.41710874892","33.6769061787662","terrestrial","University of California, Deep Canyon Desert, Research Center from 'Agave Hill' near Palm Desert,Calidornia, USA","root"
465,"Ferocactus acanthodes","respiration rate","0.00195323183426321",2.75292291607725,61.1996967897778,0.00245690228353505,"30.4373937984938","32.0289748896873","terrestrial","University of California, Deep Canyon Desert, Research Center from 'Agave Hill' near Palm Desert,Calidornia, USA","root"
466,"Opuntia ficus-indica","respiration rate","0.000514623515435218",10.29992309254,63.1485252408093,0.00245034097725347,"40.5346086891526","42.7944061189987","terrestrial","Espinosa Cactus Farm, San Bernardino, California, Usa","root"
467,"Opuntia ficus-indica","respiration rate","0.00299882141164826",9.03994789574825,63.6310409140167,0.0022983973083753,"30.9296856237542","32.5212667149477","terrestrial","Espinosa Cactus Farm, San Bernardino, California, Usa","root"
468,"Opuntia ficus-indica","respiration rate","0.00940294192594778",-0.792665978567298,65.3978261748114,0.00312509308265116,"58.6769903231268","60.9367877529729","terrestrial","Espinosa Cactus Farm, San Bernardino, California, Usa","root"
469,"Opuntia ficus-indica","respiration rate","0.00689582620881159",-0.993394723825583,65.081514566497,0.0031283044629093,"46.6780482109676","48.269629302161","terrestrial","Espinosa Cactus Farm, San Bernardino, California, Usa","root"
470,"Plantago lanceolata","respiration rate","0.048382792294916",-9.3040765039666,56.3761210029469,0.0119873303150062,"95.6101341266822","97.5497607258342","terrestrial","Emorsgate Seed Pty Ltd (Norfolk, UK)","root"
471,"Plantago lanceolata","respiration rate","0.0133492966891408",-16.6863297973794,52.2709418740482,0.022572918206222,"96.9522806878307","98.8919072869827","terrestrial","Emorsgate Seed Pty Ltd (Norfolk, UK)","root"
473,"Plantago euryphylla","respiration rate","0.0239541177818962",-26.7587212743007,53.9115881014503,0.0117255724354731,"77.0290382923242","78.2393786643003","terrestrial","Kosciusko National Park, NSW, Australia","root"
474,"Plantago lanceolata","respiration rate","0.0263501747750579",-11.3675789266046,54.8164375189709,0.0187802178161407,"75.107756108995","75.8966544183398","terrestrial","Emorsgate Seed Pty Ltd (Norfolk, UK)","root"
475,"Plantago euryphylla","respiration rate","0.00395199120555208",-12.8611627293786,73.1527446046676,0.0105221639158691,"71.0810480573058","71.3988142240251","terrestrial","Kosciusko National Park, NSW, Australia","root"
476,"Plantago lanceolata","respiration rate","0.0857392931436692",-12.5789091733783,41.8136415734817,0.0194734643673113,"73.0563525239861","73.3741186907054","terrestrial","Emorsgate Seed Pty Ltd (Norfolk, UK)","root"
477,"Plantago lanceolata","respiration rate","0.0349018496595304",-12.8840256384953,37.5283179392124,0.0278168149832659,"71.5461462476555","71.8639124143749","terrestrial","Emorsgate Seed Pty Ltd (Norfolk, UK)","root"
482,"Plantago lanceolata","respiration rate","0.00118943616576511",-8.24210316015404,35.8789474333902,0.0260202161469938,"29.1483525410894","27.5861041908258","terrestrial","Emorsgate Seed Pty Ltd (Norfolk, UK)","root"
483,"Fontinalis antipyretica","gross photosynthesis rate","-4.90344383051333",-59.0905046556683,24.4633997282193,0.527936893160863,"72.195184355204","70.6329360049404","freshwater","Esthwaite Water, English Lake District",NA
484,"Fontinalis antipyretica","respiration rate","-0.239550938068639",-33.8885051751095,24.9164024515858,0.0387852222649676,"43.8100966951047","42.2478483448411","freshwater","Esthwaite Water, English Lake District",NA
487,"Acacia craspedocarpa","net photosynthesis rate","0.127727811541503",10.5597274708929,57.099363731043,0.00888511516544574,"-7.15296745638227","-6.83520128966293","terrestrial","Lakeside Station, near Cue. Western Australia","leaf"
489,"Rhagodia baccata","net photosynthesis rate","0.200917339353428",11.4890081054425,61.4287500245978,0.0130418575531105,"0.545921968544437","-1.01632638171916","terrestrial","Lakeside Station, near Cue. Western Australia","leaf"
496,"Quercus coccinea","respiration rate","9.15191155999725e-05",4.02440966364244,40.8705812325098,0.000247593275904122,"-22.4178585117033","-23.9801068619668","terrestrial","Coweeta Hydrological Laboratory, Southern Apalachians, Western North Carolina, Usa","leaf"
503,"Quercus coccinea","respiration rate","0.00414857310484353",3.96770348374215,41.1099464894975,0.00305010787183574,"0.884454689926566","-0.677793660337032","terrestrial","Coweeta Hydrological Laboratory, Southern Apalachians, Western North Carolina, Usa","leaf"
505,"Mougeotia","net photosynthesis rate","-0.0198847196113437",-35.4400307238093,34.8439178268049,0.00678053440666215,"48.4080314026919","48.1916719989132","aquatic","Little Rock Lake, Wisconsin",NA
507,"Vicia faba","respiration rate","0.0285881069484428",-24.2623678891865,49.738727071049,0.0026094065308075,"36.9471870208377","36.11422489775","terrestrial","Department of Agricultural Botany, Plant Science Laboratories, The Univeristy of Reading, Whiteknights, Reading","4-7 week old plants"
516,"Glycine max","respiration rate","0.529130472658767",-55.2495416220494,50.9088483793928,0.0122007679225656,"61.1331733915793","61.9220717009242","terrestrial","Crop Physiology Laboratory, Department of Plants, Soils and Biometeorology, Utah State University, Logan UT, Usa; Escola Agrotecnica Federal de Colatina, Colatina, Brazil",NA
518,"Glycine max","net photosynthesis rate","-0.185859083191167",-15.9699701354802,32.4760181854338,0.0412301980949449,"76.3808167876474","77.1697150969923","terrestrial","Crop Physiology Laboratory, Department of Plants, Soils and Biometeorology, Utah State University, Logan UT, Usa; Escola Agrotecnica Federal de Colatina, Colatina, Brazil",NA
519,"Glycine max","net photosynthesis rate","-0.217630064609646",-24.3155942163256,32.3939417094875,0.0337175580210298,"79.5850064398729","80.3739047492177","terrestrial","Crop Physiology Laboratory, Department of Plants, Soils and Biometeorology, Utah State University, Logan UT, Usa; Escola Agrotecnica Federal de Colatina, Colatina, Brazil",NA
524,"Cladonia convoluta","respiration rate","-0.000846014013419299",-1.30604666907262,17.2454967507614,0.00172906306177625,"461.339365729846","479.166444352134","terrestrial","Wurzburg, Ammerfield near Aschfeld, Bavaria Germany",NA
526,"Cladonia convoluta","respiration rate","0.00299243224978161",5.57815060573621,19.337123928197,0.00313928052707981,"498.158893815169","512.796822678208","terrestrial","Wurzburg, Ammerfield near Aschfeld, Bavaria Germany",NA
528,"Lecanora muralis","respiration rate","0.00127211736684166",4.61548221155922,21.6237797474494,0.00108876049956267,"331.987818698554","349.528596294545","terrestrial","Wurzburg, Ammerfield near Aschfeld, Bavaria Germany",NA
530,"Diploschistes muscorum","respiration rate","0.001906301862203",-7.6339449576373,22.7273004563051,0.000663989253062995,"888.164139743677","905.323002027313","terrestrial","Wurzburg, Ammerfield near Aschfeld, Bavaria Germany",NA
532,"Brassica oleracea","respiration rate","-0.00167076468068315",1.16193694426409,37.1813592385663,0.0142796571016138,"64.475212473816","65.6855528457922","terrestrial","Section of Molecular and Cellular Biology, University of California, Usa; Department of Botany and Range Science, Brigham Young University, Provo, UT, Usa; Department of Chemistry and Biochemistry, Brigham Young University, Provo, UT, Usa","leaf section"
533,"Vitis labruscana","respiration rate","0.0359335173949932",-11.9690916333028,51.4381369428188,0.006186219357066,"29.4059163597332","29.1895569559544","terrestrial","Department of Horticulture, Pennsylvania State University, University Park, Usa; College of Horticulture, South China Agricultural University, Guangzhou, PR China; Department of Horticultural Sciences, New York State Agricultural Experiment Station, Cornell University, Geneva, NY, Usa","roots, 1 year old"
534,"Vitis labruscana","respiration rate","-0.0156886276031213",-26.3984110971171,37.426822602429,0.00578824316779019,"35.4571807217537","35.240821317975","terrestrial","Department of Horticulture, Pennsylvania State University, University Park, Usa; College of Horticulture, South China Agricultural University, Guangzhou, PR China; Department of Horticultural Sciences, New York State Agricultural Experiment Station, Corne","roots, 1 year old"
535,"Citrus aurantium","respiration rate","0.0347769217180387",-1.91464573511083,61.0454697221118,0.00270646108398223,"309.834190766049","319.261026072807","terrestrial","Pennsylvania State University, Centre County, PA, Usa","Single branch of fine roots, 2 year old trees"
538,"Cassiope tetragona","respiration rate","1.04042134976484e-06",1.80733084753744,56.4982359952876,0.000139056031132039,"-16.7014113130528","-18.2636596633164","terrestrial","Kangerdlugssuag, East Greenland",NA
540,"Antennaria alpina","respiration rate","-0.000136657678524199",8.09169886031283,34.9387846455692,0.000434459059714391,"-9.74145917708452","-11.3037075273481","terrestrial","Kangerdlugssuag, East Greenland",NA
541,"Diapensia lapponica","respiration rate","-5.41125826350987e-05",3.61571787599389,35.4973768975827,0.000381176016935313,"-14.1215610310634","-15.683809381327","terrestrial","Kangerdlugssuag, East Greenland",NA
551,"Evernia prunastri","respiration rate","0.0848765521204135",13.429628722337,40.0388740756529,0.0330248123816249,"38.8644894356866","37.302241085423","terrestrial","Bedgebury Pinetum, Kent, UK","thallus"
552,"Hypogymnia physodes","respiration rate","0.0194872639830716",14.7657145381384,40.5599691691564,0.02306604579837,"36.6691673898934","35.1069190396298","terrestrial","Bedgebury Pinetum, Kent, UK","thallus lobes"
555,"Ramalina fastigiata","respiration rate","0.0329913337848232",11.4364714841972,42.770015163573,0.0223030706363849,"41.6240824672054","40.0618341169418","terrestrial","Appledore, Kent, UK","thallus with apothecia"
556,"Usnea fragilescens","respiration rate","0.069024059218229",6.88957067742201,45.0969293348974,0.0126189443049701,"41.0007126125139","39.4384642622503","terrestrial","Bedgebury Pinetum, Kent, UK","thallus"
558,"Betula pendula","respiration rate","-0.002430531761394",-11.8260404965129,37.0381919155485,0.00078498221404635,"0.317518204069931","-1.24473014619367","terrestrial","Ecophysiologie Forestiere, INRA Nancy, Champenoux, France; UA Physiologie Integree de l'Arbre, Domaine de Crouelle, Clermont Ferrand","leaf"
560,"Fraxinus excelsior","respiration rate","0.00071520115034213",-17.8898837055853,44.2572102607405,0.000486748487243241,"-14.3026948777311","-15.1356570008189","terrestrial","Val de Pierre, Aisne, northern France","leaf"
563,"Quercus robur","respiration rate","0.000186680951750406",-17.5169280608064,45.3912212685622,0.000466997151850183,"11.2430897610365","10.4101276379488","terrestrial","Perseigne, Orne, western France","leaf"
565,"Acer saccharum","respiration rate","0.0541893400520791",3.50800785759708,21.7972766529217,0.0128529094808735,"98.1568222473101","102.869037568702","terrestrial","Michgan's Upper Peninsula",NA
566,"Acer saccharum","respiration rate","2.98492208829958",13.45759782272,20.228390495839,0.0481358796489075,"36.6410613115601","38.5806879107121","terrestrial","Michgan's Upper Peninsula",NA
568,"Pinus resinosa","respiration rate","-1.12324784878076",16.7174430025575,19.1295300826498,0.260115025804585,"21.9407638574656","21.7244044536869","terrestrial","Michgan's Upper Peninsula",NA
569,"Pinus resinosa","respiration rate","0.0614803032834833",11.6233185892393,24.4979012976255,0.0139787144945349,"69.3370498157168","73.8790266794334","terrestrial","Michgan's Upper Peninsula",NA
571,"Aristotelia serrata","respiration rate","0.0149331929538258",-59.0624500210671,43.9790316156411,0.000171780800728605,"7.50087354605606","13.2368223639966","terrestrial","Taramakau Valley, Westland, New Zealand","leaf"
574,"Phillyrea latifolia","net photosynthesis rate","-0.0097147192957533",-25.9211538596282,36.8762766053396,0.00190302004350842,"49.8507221504821","51.7903487496341","terrestrial","Botanical Garden of Rome, Italy",NA
575,"Myrtus communis","net photosynthesis rate","-0.0111391265134402",-70.8420812788387,38.5039596378263,0.000479787762446819,"47.9602091972094","49.8998357963614","terrestrial","Botanical Garden of Rome, Italy",NA
576,"Arbutus unedo","net photosynthesis rate","-0.0101543982404261",0.32928995608407,37.403358497094,0.00423676514439299,"57.8150389630745","59.7546655622265","terrestrial","Botanical Garden of Rome, Italy",NA
577,"Cistus incanus","net photosynthesis rate","-0.0247181356035839",-51.0268525100407,39.4971680726808,0.00149420318568096,"74.9263170829554","76.8659436821074","terrestrial","Botanical Garden of Rome, Italy",NA
579,"Phillyrea latifolia","respiration rate","0.000568343615179163",1.32548338414695,43.0524765790758,0.000765111405617802,"19.1512390736259","21.0908656727779","terrestrial","Botanical Garden of Rome, Italy",NA
580,"Myrtus communis","respiration rate","-0.00111731450740595",2.40959157793014,34.9212208904788,0.000791078979637098,"8.71976558190697","10.659392181059","terrestrial","Botanical Garden of Rome, Italy",NA
581,"Arbutus unedo","respiration rate","-0.00106751778654626",7.42972913530595,33.5053365546318,0.00108365327900307,"-5.24042222743317","-3.30079562828117","terrestrial","Botanical Garden of Rome, Italy",NA
582,"Cistus incanus","respiration rate","-0.00513032315872448",5.55134916151168,35.0485653804763,0.00130107787600436,"8.72881951264882","10.6684461118008","terrestrial","Botanical Garden of Rome, Italy",NA
585,"Dracunculus vulgaris","respiration rate","0.000358604412728934",25.3838956879644,27.9888819981474,-0.00010697143913832,"-60.8882858588883","-59.2967047676949","terrestrial","Adelaide, South Australia","floral chamber"
587,"Phaeodactylum triconutum","net photosynthesis rate","-0.000670068320989897",35.9399278364493,31.3722816055164,-0.000240746418109552,"-18.5616153224088","-19.3945774454966","marine","Cambridge culture collection",NA
588,"Phaeodactylum triconutum","net photosynthesis rate","0.00269448285081283",-11.842709011845,30.3319417023597,0.000495329156668238,"-9.48197023311786","-10.3149323562056","marine","Cambridge culture collection",NA
589,"Phaeodactylum triconutum","net photosynthesis rate","0.00333833604316352",-2.50997533383569,30.3213388540874,0.000985737198334583,"-2.89008107937508","-3.72304320246286","marine","Cambridge culture collection",NA
593,"Phaeodactylum triconutum","net photosynthesis rate","-0.000664339326951882",-68.4949543465201,34.9833727552885,0.000148217526599915,"-0.473934715272433","-0.69029411905118","marine","Cambridge culture collection",NA
594,"Phaeodactylum triconutum","net photosynthesis rate","0.000802079054308528",3.79476789228753,36.171177071172,0.000557001843818891,"-12.3539862818669","-12.5703456856457","marine","Cambridge culture collection",NA
597,"Phaeodactylum triconutum","net photosynthesis rate","-0.00695091256617109",-66.937717253136,35.2495706386512,0.00072267793884872,"21.9813207107343","21.7649613069555","marine","Cambridge culture collection",NA
598,"Phaeodactylum triconutum","net photosynthesis rate","0.00199771799871553",4.25218238690989,36.0866326647962,0.00221352096716898,"7.81576990128218","7.59941049750344","marine","Cambridge culture collection",NA
599,"Laminaria saceharina","respiration rate","-0.00159713403147794",-22.7109141617098,27.2829646773917,0.000622704717591136,"2.49228885908695","1.65932673599917","marine","Long Cove Point, Chamberlain, Maine, USA","blade tissue"
601,"Atriplex lentiformis","net photosynthesis rate","3.77651205428053e-06",-22.6983502876491,45.8829411001598,0.000522932269792587,"-2.07333712606529","1.48814990551936","terrestrial","Death Valley, California, USA","leaf"
602,"Atriplex lentiformis","net photosynthesis rate","1.27294030607969e-05",-32.8179144923552,45.3226617907754,0.0004112953957617,"-4.87277159725922","-1.31128456567456","terrestrial","Ventura, California, USA","leaf"
603,"Atriplex lentiformis","net photosynthesis rate","0.00117609299793176",0.361739221451873,50.6606255245502,0.000617915973277163,"-51.5803012972498","-47.802545380584","terrestrial","Death Valley, California, USA","leaf"
604,"Atriplex lentiformis","net photosynthesis rate","0.000184502481091227",4.04498205167263,51.4979715133571,0.000292625904286373,"-59.9553136418082","-56.3938266102236","terrestrial","Ventura, California, USA","leaf"
610,"Zostera marina","respiration rate","-0.00105073104766073",-2.4997379580021,28.3334200789785,0.00237368804488656,"22.7529277982749","21.9199656751872","marine","Del Monte Beach, Monterey, California, USA","root tissue"
612,"Zostera marina","respiration rate","-0.00344997024548197",-33.3549821360889,27.5022802195302,0.000666710932806218,"8.65904131290851","7.82607918982073","marine","Del Monte Beach, Monterey, California, USA","rhizome tissue"
614,"Zostera marina","respiration rate","-0.0106209342236096",-28.607244617439,27.0117856820738,0.00273129969448116,"30.0699860805566","29.2370239574688","marine","Del Monte Beach, Monterey, California, USA","leaf tissue"
620,"Ballia callitricha","net photosynthesis rate","0.084947726852246",33.5700814461483,18.4766249962143,-0.0146552254991803,"31.7701549775865","30.2079066273229","marine","King George Island, Antarctica","thallus tissue"
621,"Gymnogongrus antarcticus","net photosynthesis rate","0.189388097792435",-63.5129808997084,22.6512171490971,0.0164305108694428,"53.7486029558433","52.9156408327555","marine","King George Island, Antarctica","thallus tissue"
625,"Phyllophora ahnfeltioides","net photosynthesis rate","-0.0221319065131332",-23.2536942838294,23.6116938261721,0.0102922087638142,"36.5419509292765","35.7089888061887","marine","King George Island, Antarctica","thallus tissue"
627,"Kallymenia antarctica","respiration rate","3.48291379493604e-05",-9.88145684645751,26.3340129140095,0.0086631531179739,"26.5170202374979","25.6840581144101","marine","King George Island, Antarctica","thallus tissue"
628,"Kallymenia antarctica","respiration rate","0.0202484714198395",-29.9350322103049,27.6742429423492,0.00423945088127295,"22.3905104053849","21.5575482822972","marine","King George Island, Antarctica","thallus tissue"
630,"Ballia callitricha","respiration rate","0.0301614989625024",-11.834203748465,27.2781625528358,0.0095356352723529,"22.7468283605419","21.9138662374541","marine","King George Island, Antarctica","thallus tissue"
632,"Gymnogongrus antarcticus","respiration rate","0.0285968868008513",-4.86305652835426,26.7867855275067,0.0129218047693785,"21.2604858484108","20.427523725323","marine","King George Island, Antarctica","thallus tissue"
634,"Phyllophora ahnfeltioides","respiration rate","-0.0404407241198113",-18.27265778042,22.5951723522947,0.0100954533317976,"29.5789921731505","28.7460300500627","marine","King George Island, Antarctica","thallus tissue"
636,"Phyllophora ahnfeltioides","respiration rate","1.33210529483039e-05",-8.43698678456962,52.5695747394039,0.00236251295771912,"9.24879064300127","8.41582851991349","marine","King George Island, Antarctica","thallus tissue"
638,"Lolium perenne","net photosynthesis rate","-0.0130880411882126",-46.977916571539,34.6644581183233,0.00167388806783469,"17.6583882932794","17.4420288895006","terrestrial","Barcelona, Catalonia, Spain","leaf"
639,"Caulerpa prolifera","respiration rate","6.70031521792558e-05",6.62981272207914,40.8937539403177,0.000434753035372695,"-12.2981973104932","-13.131159433581","marine","Mar Menor, Murcia, Spain","thallus tissue"
640,"Caulerpa prolifera","respiration rate","0.000520241483499486",0.558502221504528,94.9592620087586,0.000220635191714144,"-3.27217192423899","-4.10513404732677","marine","Mar Menor, Murcia, Spain","thallus tissue"
643,"Caulerpa prolifera","net photosynthesis rate","-0.0109504976009107",10.7660458343351,27.4049004607693,0.00412161321755167,"-191.691557099724","-195.297107945052","marine","Mar Menor, Murcia, Spain","thallus tissue"
644,"Caulerpa prolifera","net photosynthesis rate","0.00207058317407779",8.18944754475363,35.2013570159022,0.00494194454220711,"26.7575780951504","25.9246159720626","marine","Mar Menor, Murcia, Spain","thallus tissue"
648,"Cerutophyllum demersum","respiration rate","0.000194268688662542",-22.1356395968677,53.3135157470054,0.000921904803278473,"5.50201715337455","4.66905503028677","freshwater","Third Sister Lake, Michigan, USA","apical stem section"
651,"Larrea divaricata","net photosynthesis rate","0.00428040653058162",-74.987835737556,45.5894290984744,0.000191084578028914,"-10.5927746789717","-12.1550230292352","terrestrial","Death Valley, California, USA","leaf"
653,"Larrea divaricata","net photosynthesis rate","-0.000905493662807906",-54.3001194279147,48.7908585556249,0.000218860722733867,"-6.11081910275766","-3.55458978429663","terrestrial","Death Valley, California, USA","leaf"
654,"Larrea divaricata","net photosynthesis rate","-0.000788396445716124",-42.8959178589736,52.6388894271456,0.000188855244275154,"-20.1889252556063","-15.3134219561335","terrestrial","Death Valley, California, USA","leaf"
659,"Larrea divaricata","net photosynthesis rate","-0.00337703602145854",0.66530216832077,50.2939890410198,0.00117956148469489,"1.9264605417663","4.75866134617514","terrestrial","Death Valley, California, USA","leaf"
660,"Larrea divaricata","net photosynthesis rate","-0.00181884173574098",7.27494554199261,52.8918702128128,0.00121626378861499,"7.14704533217139","9.40684276201754","terrestrial","Death Valley, California, USA","leaf"
661,"Spinacia oleracea","net photosynthesis rate","0.0486909013567607",-0.799344198955216,34.8474485729866,0.0130304694549422,"36.7895360539235","35.9565739308357","terrestrial","Texas Tech University, Lubbock, Texas, USA; University of Sheffield, Sheffield, UK","leaf tissue"
662,"Spinacia oleracea","net photosynthesis rate","0.0654201354312546",-64.2860921804616,43.1992693236164,0.00308111386060987,"27.1847567890435","26.3517946659557","terrestrial","Texas Tech University, Lubbock, Texas, USA; University of Sheffield, Sheffield, UK","leaf tissue"
664,"Encelia californica","net photosynthesis rate","-0.0041448045714735",2.63289075340403,38.4853261044843,0.00173597423000643,"3.67084524705131","2.10859689678771","terrestrial","Death Valley, California, USA","leaf"
666,"Encelia farinosa","net photosynthesis rate","-0.00805232165391025",-30.0899321057261,36.5303282627239,0.000844990326199933,"4.93290955977248","4.0999474366847","terrestrial","Death Valley, California, USA","leaf"
668,"Encelia farinosa","net photosynthesis rate","-0.00301299106502156",-17.6987842924754,38.6145573065942,0.000867804096462677,"1.28610167552298","-0.276146674740614","terrestrial","Death Valley, California, USA","leaf"
669,"Heuchera americana","net photosynthesis rate","1.64651181247897e-05",4.39392553984189,41.3943407651314,0.00153844823918453,"39.4449156357026","43.2226715523684","terrestrial","Duke Forest, Durham, North Carolina, USA","leaf tissue"
670,"Heuchera americana","net photosynthesis rate","-0.00167380570467415",-5.16437265040368,35.0353010143551,0.00301341163088762,"80.4971070877612","83.8299604639861","terrestrial","Duke Forest, Durham, North Carolina, USA","leaf tissue"
671,"Geraea canescens","net photosynthesis rate","0.0163321724261062",-26.3106434197838,42.5734897925646,0.0169360827455437,"36.1979217094943","35.9815623057156","terrestrial","Death Valley National Monument, California, USA","leaf"
672,"Geraea canescens","net photosynthesis rate","0.0497018697615664",-11.8066454724448,48.0441179465574,0.0169280435669594,"41.824666760562","43.0350071325381","terrestrial","Death Valley National Monument, California, USA","leaf"
675,"Albutilon theophrasti","net photosynthesis rate","0.0469854707522072",-42.0794126623808,41.0117107900611,0.00446498297496177,"39.9566217452773","39.7402623414985","terrestrial","Beltsville, Maryland, USA","leaf"
676,"Albutilon theophrasti","net photosynthesis rate","-0.00417891590143036",2.83671445745292,34.4389852302208,0.019702679813907,"24.0747078919525","22.5124595416889","terrestrial","Beltsville, Maryland, USA","leaf"
678,"Albutilon theophrasti","net photosynthesis rate","-0.0768846599838944",-16.612929273117,34.2156499091201,0.0144930739948948,"42.9960224640027","42.779663060224","terrestrial","Beltsville, Maryland, USA","leaf"
679,"Albutilon theophrasti","net photosynthesis rate","-0.00513239149399744",3.32289127597546,34.3192212476775,0.0280447119876218,"46.7935804471939","46.5772210434151","terrestrial","Beltsville, Maryland, USA","leaf"
680,"Albutilon theophrasti","net photosynthesis rate","0.024256401511052",-3.89414729615042,41.7274027003283,0.0130543132851752,"29.0560167519435","27.4937684016799","terrestrial","Beltsville, Maryland, USA","leaf"
681,"Atriplex hymenelytra","net photosynthesis rate","0.0144789666592317",-78.2714339034251,40.2179957751155,0.000729345409730939,"7.94120561839925","9.88083221755126","terrestrial","Death Valley, California, USA","branch"
682,"Atriplex hymenelytra","net photosynthesis rate","0.00401959866448686",-1.57660648043097,46.7053022621489,0.000906302766841012,"2.31762001758822","3.9092011087817","terrestrial","Death Valley, California, USA","branch"
683,"Heliotropium curassavicum","net photosynthesis rate","0.00696491454285106",3.93769682719994,45.4476856527672,0.000841250444480436,"-15.9274397646929","-17.4896881149565","terrestrial","Death Valley, California, USA","leaf"
685,"Heliotropium curassavicum","net photosynthesis rate","0.00175116662737299",5.68231309822063,44.0088542356937,0.000972796036789074,"-9.57997655874625","-11.1422249090098","terrestrial","Point Reyes, California, USA","leaf"
687,"Heliotropium curassavicum","net photosynthesis rate","0.00399914636476441",-6.56606068359583,51.9726656328155,0.000920524276798663,"-3.34701440505809","-4.90926275532169","terrestrial","Death Valley, California, USA","leaf"
688,"Heliotropium curassavicum","net photosynthesis rate","0.000771530634889256",-30.6031994476556,47.070202787218,0.000540895631302164,"-7.18594739299965","-8.74819574326325","terrestrial","Death Valley, California, USA","leaf"
691,"Aplectrum hyemal","net photosynthesis rate","-0.0660457862052391",-67.0094106506258,34.0421009974688,0.0143316642974561,"26.7899540264331","26.5735946226543","terrestrial","Abraham's Woods, Green County, Wisconsin, USA","leaf"
695,"Aplectrum hyemal","net photosynthesis rate","-0.00515606572065127",-26.1781015202676,33.7339751982316,0.00162481315624969,"20.2336750597455","21.0225733690904","terrestrial","Richland County, Wisconsin, USA","adult"
696,"Synechocystis sp. PCC6803","net photosynthesis rate","0.123684397583808",10.6611720993919,52.0000000239619,0.081237890086171,"96.4715041294994","97.2604024388443","freshwater","University of Hyogo, Hyogo, Japan","culture"
697,"Synechocystis sp. PCC6803","net photosynthesis rate","0.0237748272152769",-12.1744403128539,53.9999999928492,0.0239902020978547,"106.905882505977","108.116222877954","freshwater","University of Hyogo, Hyogo, Japan","culture"
702,"Plantago major","net photosynthesis rate","-0.0176737767929354",-32.2995073300464,32.1167833551434,0.00320422856806084,"18.0663921964216","16.504143846158","terrestrial","Netherlands","leaf"
703,"Plantago major","net photosynthesis rate","-0.0230280255364368",-62.3313324386948,31.7955412358666,0.00457441958671799,"23.2988556205878","21.7366072703242","terrestrial","Netherlands","leaf"
704,"Plantago major","net photosynthesis rate","-0.00837612991646217",-19.3608476185644,31.9151334410687,0.00728238784487659,"6.28246918421531","4.72022083395171","terrestrial","Netherlands","leaf"
705,"Plantago major","net photosynthesis rate","-0.0256378327286005",-6.28782611678292,31.7835322477864,0.0102775440415268,"13.5476092401315","11.9853608898679","terrestrial","Netherlands","leaf"
706,"Plantago major","net photosynthesis rate","-0.0170886383166022",-8.79723010844508,31.8894667399173,0.0189718894448717,"26.1259067189129","24.5636583686493","terrestrial","Netherlands","leaf"
707,"Plantago major","net photosynthesis rate","0.0313989265404768",-11.6758467217084,41.1357394145025,0.00776851734753851,"15.7853442287631","14.2230958784995","terrestrial","Netherlands","leaf"
708,"Plantago major","net photosynthesis rate","0.016384644032764",-20.4799259896323,60.6145898285943,0.00345862991406311,"5.21353560713015","3.65128725686656","terrestrial","Netherlands","leaf"
711,"Plantago lanceolata","net photosynthesis rate","-0.0186213365456974",-52.3698133993094,32.3415859580074,0.00246147751495084,"12.0758841157415","10.5136357654779","terrestrial","Netherlands","leaf"
714,"Plantago lanceolata","net photosynthesis rate","-0.0254136020956729",-11.3926861710129,31.6018191570453,0.00857891383027816,"19.421691949986","17.8594435997225","terrestrial","Netherlands","leaf"
715,"Plantago lanceolata","net photosynthesis rate","-0.0286875165486828",-25.0030219299754,31.4938027456639,0.0138735848349727,"20.5686863253543","19.0064379750907","terrestrial","Netherlands","leaf"
716,"Plantago lanceolata","net photosynthesis rate","0.0132896414835899",-74.7197153570802,63.734309172954,0.00184981392689779,"26.3388819342832","24.7766335840196","terrestrial","Netherlands","leaf"
717,"Plantago lanceolata","net photosynthesis rate","0.00967216332921132",-25.254409829498,46.2639485580221,0.00433536702297429,"23.2708538183075","21.7086054680439","terrestrial","Netherlands","leaf"
722,"Plantago euryphylla","net photosynthesis rate","-0.0204506032198369",-63.4774780055053,31.6945068463182,0.00270607557267103,"22.3785337572197","20.8162854069561","terrestrial","Kosciusko National Park, NSW, Australia","leaf"
727,"Hordeum vulgare","net photosynthesis rate","0.166471729691557",-61.4980165079804,37.1319275017139,0.00745844036651388,"1.83470384679221","0.272455496528607","terrestrial","Beltsville, Maryland, USA","leaf"
728,"Brassica rapa","net photosynthesis rate","-0.11766648696716",-16.7972982747611,34.0836089196824,0.0213444226616322,"18.7216054217617","17.1593570714981","terrestrial","Beltsville, Maryland, USA","leaf"
729,"Vicia faba","net photosynthesis rate","0.053200523716771",-54.1013114491329,37.5068779061763,0.00611203153354138,"7.32897592101511","5.76672757075152","terrestrial","Beltsville, Maryland, USA","leaf"
730,"Chenopodium album","net photosynthesis rate","0.120823924007813",-18.4332516798244,38.1228501106995,0.0144492230456601,"25.3409525109693","23.7787041607057","terrestrial","Beltsville, Maryland, USA","leaf"
731,"Helianthus annuus","net photosynthesis rate","-0.0311270677665453",-2.76422920044692,33.8732876285911,0.0276954135771438,"23.1286221706876","21.5663738204241","terrestrial","Beltsville, Maryland, USA","leaf"
732,"Lycopersicon esculentum","net photosynthesis rate","0.0229249678990584",3.06556205582853,37.6633960489274,0.0156559318004754,"-7.09621413954571","-8.65846248980931","terrestrial","Beltsville, Maryland, USA","leaf"
733,"Glycine max","net photosynthesis rate","-0.0227158812856862",-2.65138908712005,34.0961257860965,0.0171153767693652,"15.798344816444","14.2360964661804","terrestrial","Beltsville, Maryland, USA","leaf"
734,"Abutilon theophrasti","net photosynthesis rate","0.0797007967666369",-0.823541828503987,38.1754287633787,0.0163333650027482,"15.0311255298178","13.4688771795542","terrestrial","Beltsville, Maryland, USA","leaf"
735,"Hordeum vulgare","net photosynthesis rate","0.0835517920655596",-27.0972413053747,40.9640525431466,0.00825937133761295,"21.7483179688983","20.1860696186347","terrestrial","Beltsville, Maryland, USA","leaf"
736,"Brassica rapa","net photosynthesis rate","0.105263981735602",0.538489906240232,36.9439209469808,0.0187084177744055,"24.1192520428158","22.5570036925522","terrestrial","Beltsville, Maryland, USA","leaf"
737,"Vicia faba","net photosynthesis rate","0.113111270703306",1.07335762416988,38.2214413581161,0.0183264044222346,"9.29977683470029","7.73752848443669","terrestrial","Beltsville, Maryland, USA","leaf"
738,"Chenopodium album","net photosynthesis rate","0.0264849993539987",-62.8750813778387,39.3523273271166,0.00391114478056532,"7.96198996772453","6.39974161746093","terrestrial","Beltsville, Maryland, USA","leaf"
739,"Helianthus annuus","net photosynthesis rate","0.115401989925809",3.82884833762428,37.3738723269935,0.0288873612220024,"16.8843333121843","15.3220849619207","terrestrial","Beltsville, Maryland, USA","leaf"
740,"Lycopersicon esculentum","net photosynthesis rate","0.00519368231872547",1.96479486359422,39.8963234293424,0.0147387476364499,"15.9358182167208","14.3735698664572","terrestrial","Beltsville, Maryland, USA","leaf"
741,"Glycine max","net photosynthesis rate","0.0215068297612635",5.12536485200131,39.2456208551331,0.0180043254681635,"14.4158391371722","12.8535907869086","terrestrial","Beltsville, Maryland, USA","leaf"
742,"Abutilon theophrasti","net photosynthesis rate","0.0696178444368549",0.167772025473523,40.4339451563755,0.0154897628362462,"17.0597700473179","15.4975216970543","terrestrial","Beltsville, Maryland, USA","leaf"
743,"Atriplex vesicaria","net photosynthesis rate","-0.117226683595137",-10.5082271042862,27.2641829717954,0.0338421705475195,"63.2193617190982","64.4297020910744","terrestrial","Deniliquin, NSW, Australia","leaf"
750,"Fragaria vesca","net photosynthesis rate","-0.00972067294034167",-27.4927742149733,33.0155771733065,0.00269390718083394,"19.0484444640789","18.2154823409911","terrestrial","Ithaca, New York, USA","leaf"
751,"Fragaria vesca","net photosynthesis rate","-0.00709368124111087",-45.57290374869,33.5958719830722,0.00136205220465698,"0.62465693251773","-0.20830519057005","terrestrial","Ithaca, New York, USA","leaf"
756,"Helianthus annuus","net photosynthesis rate","0.0122519841537469",-41.8251566917803,45.9376373043361,0.00419508286965817,"27.5760726528146","26.7431105297268","terrestrial","Rothamsted Experimental Station, Harpenden, Hertfordshire, UK","leaf"
757,"Helianthus annuus","net photosynthesis rate","0.0156698887696444",-74.4647729480068,40.3486996286394,0.00240306882896759,"22.8413753378627","22.008413214775","terrestrial","Rothamsted Experimental Station, Harpenden, Hertfordshire, UK","leaf"
758,"Brassica napus","net photosynthesis rate","0.00913103134764721",-36.401655312512,44.0336145648154,0.00350290626678848,"20.3654821541101","20.1491227503314","terrestrial","Rothamsted Experimental Station, Harpenden, Hertfordshire, UK","leaf"
759,"Brassica napus","net photosynthesis rate","-0.0261395453335106",-40.855856930576,31.9250633030811,0.00643352863232143,"18.0978333630399","17.2648712399521","terrestrial","Rothamsted Experimental Station, Harpenden, Hertfordshire, UK","leaf"
764,"Capsella bursa-pastori","net photosynthesis rate","-0.00678165425652356",-1.39948189779616,33.5701820928701,0.00980073273384619,"10.4538033683464","9.6208412452586","terrestrial","Illinois, USA","leaf"
766,"Erigeron canadensis","net photosynthesis rate","0.0386920326591581",32.135892597948,28.6034405886734,-0.0120822861034544,"30.3982893621741","30.1819299583953","terrestrial","Illinois, USA","leaf"
771,"Lactuca scariola","net photosynthesis rate","-0.010235242517503",-18.1620982861876,33.2930051636615,0.0062507724195186,"19.5626855680013","18.7297234449135","terrestrial","Illinois, USA","leaf"
772,"Lactuca scariola","net photosynthesis rate","-0.0201563323232903",-51.1318922823467,38.2069682022775,0.00274874002197559,"29.6914560494908","28.858493926403","terrestrial","Illinois, USA","leaf"
774,"Triticum aestivum (cv. Avalon)","net photosynthesis rate","-0.00877883198028084",33.2852312245152,28.9949830105402,-0.0108305089955558,"19.193938996922","18.3609768738342","terrestrial","Rothamsted Experimental Station, Harpenden, Hertfordshire, UK","leaf"
779,"Triticum aestivum","net photosynthesis rate","-0.00691883375400076",-7.7664372409573,38.3098741203794,0.00805051859444741,"34.9418294534538","35.2595956201732","terrestrial","Toho University, Funabashi, Chiba, Japan; University of Hyogo, Hyogo, Japan","leaf"
780,"Triticum aestivum","net photosynthesis rate","0.00351195830219099",-42.6004609953782,46.6987920010489,0.00184220634365076,"13.2346496851904","13.5524158519098","terrestrial","Toho University, Funabashi, Chiba, Japan; University of Hyogo, Hyogo, Japan","leaf"
783,"Phaseolus vulgaris","net photosynthesis rate","-0.0145019050801648",-12.6041313921954,40.2739569819882,0.00497659044849661,"39.0176386337641","40.2279790057403","terrestrial","University of Toronto, Toronto, Ontario, Canada","leaf"
785,"Phaseolus vulgaris","net photosynthesis rate","0.00283049832511535",-72.8291967262403,43.2756399717805,0.00134339243407459,"39.7236981745125","41.6633247736645","terrestrial","University of Toronto, Toronto, Ontario, Canada","leaf"
789,"Hordeum vulgate","net photosynthesis rate","0.004511637111123",-24.9370324005183,36.6748373370674,0.00549618183409794,"15.9483611113096","15.1153989882219","terrestrial","High Wycombe, Buckinghamshire, UK","leaf"
790,"Hordeum vulgate","net photosynthesis rate","0.0442235996159561",-23.9942699085513,32.9560295745984,0.00670341822076145,"20.0807755741573","19.2478134510696","terrestrial","High Wycombe, Buckinghamshire, UK","leaf"
791,"Hordeum vulgate","net photosynthesis rate","0.003018560517656",-41.8131742256161,33.4570348002257,0.00419391821150353,"26.3025680464701","25.4696059233823","terrestrial","High Wycombe, Buckinghamshire, UK","leaf"
792,"Hordeum vulgate","net photosynthesis rate","-0.0355323942769476",-49.896401647105,28.7214344335559,0.00422263569985932,"23.8585531861651","23.0255910630773","terrestrial","High Wycombe, Buckinghamshire, UK","leaf"
796,"Muhlenbergia montana","net photosynthesis rate","0.0333009400191837",-26.1304048240664,46.3746052916259,0.00430919977282734,"29.3571611665259","30.5675015385021","terrestrial","Kenosha Pass, Colorado, USA","leaf"
797,"Muhlenbergia montana","net photosynthesis rate","0.0260880937925742",-12.2249719260362,45.9251429457869,0.00619961035273148,"31.2837189829994","33.2233455821514","terrestrial","Kenosha Pass, Colorado, USA","leaf"
798,"Muhlenbergia montana","net photosynthesis rate","0.0145335041688412",-35.7200030477743,40.9028283808592,0.00347190524926852,"23.327783957234","24.1166822665789","terrestrial","Kenosha Pass, Colorado, USA","leaf"
830,"Carex aquatilis (alpine)","net photosynthesis rate","-0.0279302901332872",-56.9628834523657,33.1736376130734,0.00382969528241847,"38.2005032553901","37.9841438516114","terrestrial","Boulder, Colorado, USA","leaf"
834,"Asparagopsis taxiformis","net photosynthesis rate","-0.0247096245190503",5.71043182434315,28.6638560364285,0.0122315699224876,"19.026533632714","17.4642852824504","marine","Santa Catalina Island, California, USA","thallus tissue"
835,"Asparagopsis taxiformis","net photosynthesis rate","-0.0242051134634857",-69.2585585757944,28.8132149947753,0.00209710857081439,"18.864320614132","17.3020722638684","marine","Santa Catalina Island, California, USA","thallus tissue"
836,"Asparagopsis taxiformis","net photosynthesis rate","0.0035135175470194",10.9325313630933,33.3710549984912,0.00679369499075864,"19.1896812225528","17.6274328722892","marine","Kaneohe Bay, Oahu, Hawaii, USA","thallus tissue"
837,"Asparagopsis taxiformis","net photosynthesis rate","-0.00163848373338661",9.33619731967926,28.7896273432942,0.00968286870660951,"1.79850208903084","0.236253738767242","marine","Kaneohe Bay, Oahu, Hawaii, USA","thallus tissue"
838,"Asparagopsis taxiformis","respiration rate","-0.00259994904809181",5.90968387595324,30.5038029428585,0.00251207876169126,"25.2946687260999","24.4617066030121","marine","Santa Catalina Island, California, USA","thallus tissue"
847,"Scenedesmus acutus","respiration rate","0.00121047350938012",-6.48870079950386,41.1076314444618,0.000319706159009466,"-45.7398566947186","-43.1836273762575","freshwater","Scandinavian Culture Centre for Algae & Protozoa, University of Copenhagen, Copenhagen, Denmark","culture"
848,"Scenedesmus acutus","respiration rate","6.08212648445448e-07",1.9103565858934,42.750336975098,8.41019508996878e-05,"-79.5171462910648","-76.9609169726037","freshwater","Scandinavian Culture Centre for Algae & Protozoa, University of Copenhagen, Copenhagen, Denmark","culture"
849,"Scenedesmus acutus","respiration rate","7.52360186927771e-05",5.42937344780183,43.5616314404979,5.58964732477877e-05,"-82.3887766018785","-79.8325472834174","freshwater","Scandinavian Culture Centre for Algae & Protozoa, University of Copenhagen, Copenhagen, Denmark","culture"
853,"Ledum groenlandicum","net photosynthesis rate","-0.0097395293080666",-29.3037257428554,33.3323534582595,0.0012640060648656,"6.95572581924446","5.39347746898086","terrestrial","Mount Washington, New Hampshire, USA","shoot"
856,"Ledum groenlandicum","net photosynthesis rate","-0.00953590366261202",-43.9778304257793,33.6098452161077,0.000933982931238347,"2.25633237205644","0.694084021792846","terrestrial","Central, Alaska, USA","shoot"
866,"Ledum groenlandicum","net photosynthesis rate","-0.00626609922530713",-45.2747438786926,33.332103474758,0.000718613407281706,"5.4342239080409","3.8719755577773","terrestrial","Mount Washington, New Hampshire, USA","shoot"
872,"Ledum groenlandicum","net photosynthesis rate","-0.00539142403296563",-16.8199744345329,33.7472549545588,0.000886657393230463,"-11.5185081840184","-13.080756534282","terrestrial","Lake Itasca, Minnesota, USA","shoot"
873,"Ledum groenlandicum","net photosynthesis rate","0.00542653837580679",-62.9840978287371,37.0297164807003,0.000487981611770391,"-3.48162292776864","-5.04387127803224","terrestrial","Alger, Washington, USA","shoot"
874,"Ledum groenlandicum","net photosynthesis rate","-0.0056312667684367",-28.1508466240463,33.5590399114012,0.000730116104186945,"-6.15655869206731","-7.71880704233091","terrestrial","Alger, Washington, USA","shoot"
875,"Ledum groenlandicum","net photosynthesis rate","-0.00226980079732143",-7.65824330258939,33.6234710457618,0.00146944744840382,"-10.0076622949786","-11.5699106452422","terrestrial","Alger, Washington, USA","shoot"
877,"Ledum groenlandicum","respiration rate","0.000414878917513586",-16.8085016677307,93.5923249173541,0.000145848455168761,"-22.0661499456253","-23.6283982958889","terrestrial","Mount Washington, New Hampshire, USA","shoot"
882,"Ledum groenlandicum","respiration rate","0.00280231568248853",-6.18969459826072,53.3885461177304,0.000436867973356687,"-11.2654558586723","-12.8277042089359","terrestrial","Lake Itasca, Minnesota, USA","shoot"
885,"Ledum groenlandicum","respiration rate","0.00374378031472549",-14.4270918455609,61.205976781857,0.000338307773420301,"-11.4144185179212","-12.9766668681848","terrestrial","Alger, Washington, USA","shoot"
889,"Ledum groenlandicum","respiration rate","-0.00973114606300546",-29.610059638026,33.3267510883578,0.00125581889553211,"6.98063529190185","5.41838694163825","terrestrial","Mount Washington, New Hampshire, USA","shoot"
892,"Ledum groenlandicum","respiration rate","-0.00954055455064657",-43.3523050195885,33.6127628045933,0.000942762155518148,"1.98431133282342","0.422062982559821","terrestrial","Central, Alaska, USA","shoot"
902,"Crupina vulgaris","respiration rate","0.00413548145411346",-32.0455666055932,74.4871641558515,0.000434633215214614,"-0.741002723503858","-1.57396484659164","terrestrial","Idaho County, Idaho, USA","shoot"
